Location,Period,DeathRate_per_100k,SexUsed
Afghanistan,2010,1.62,Both sexes
Afghanistan,2011,1.59,Both sexes
Afghanistan,2012,1.61,Both sexes
Afghanistan,2013,1.67,Both sexes
Afghanistan,2014,1.61,Both sexes
Afghanistan,2015,1.6,Both sexes
Afghanistan,2016,1.56,Both sexes
Afghanistan,2017,1.52,Both sexes
Afghanistan,2018,1.66,Both sexes
Afghanistan,2019,1.54,Both sexes
Albania,2010,2.67,Both sexes
Albania,2011,2.64,Both sexes
Albania,2012,2.31,Both sexes
Albania,2013,2.04,Both sexes
Albania,2014,1.94,Both sexes
Albania,2015,1.98,Both sexes
Albania,2016,1.84,Both sexes
Albania,2017,1.91,Both sexes
Albania,2018,1.97,Both sexes
Albania,2019,1.63,Both sexes
Algeria,2010,1.11,Both sexes
Algeria,2011,1.12,Both sexes
Algeria,2012,1.16,Both sexes
Algeria,2013,1.08,Both sexes
Algeria,2014,1.13,Both sexes
Algeria,2015,1.12,Both sexes
Algeria,2016,1.14,Both sexes
Algeria,2017,1.15,Both sexes
Algeria,2018,1.12,Both sexes
Algeria,2019,1.11,Both sexes
Angola,2010,0.35,Both sexes
Angola,2011,0.36,Both sexes
Angola,2012,0.36,Both sexes
Angola,2013,0.37,Both sexes
Angola,2014,0.36,Both sexes
Angola,2015,0.38,Both sexes
Angola,2016,0.39,Both sexes
Angola,2017,0.39,Both sexes
Angola,2018,0.4,Both sexes
Angola,2019,0.41,Both sexes
Antigua and Barbuda,2010,0.26,Both sexes
Antigua and Barbuda,2011,0.21,Both sexes
Antigua and Barbuda,2012,0.24,Both sexes
Antigua and Barbuda,2013,0.18,Both sexes
Antigua and Barbuda,2014,0.11,Both sexes
Antigua and Barbuda,2015,0.19,Both sexes
Antigua and Barbuda,2016,0.21,Both sexes
Antigua and Barbuda,2017,0.27,Both sexes
Antigua and Barbuda,2018,0.22,Both sexes
Antigua and Barbuda,2019,0.19,Both sexes
Argentina,2010,1.23,Both sexes
Argentina,2011,1.25,Both sexes
Argentina,2012,1.18,Both sexes
Argentina,2013,1.28,Both sexes
Argentina,2014,1.21,Both sexes
Argentina,2015,1.28,Both sexes
Argentina,2016,1.21,Both sexes
Argentina,2017,1.11,Both sexes
Argentina,2018,1.01,Both sexes
Argentina,2019,0.95,Both sexes
Armenia,2010,5.37,Both sexes
Armenia,2011,5.87,Both sexes
Armenia,2012,5.55,Both sexes
Armenia,2013,4.88,Both sexes
Armenia,2014,5.06,Both sexes
Armenia,2015,5.22,Both sexes
Armenia,2016,4.8,Both sexes
Armenia,2017,4.29,Both sexes
Armenia,2018,3.91,Both sexes
Armenia,2019,3.62,Both sexes
Australia,2010,0.84,Both sexes
Australia,2011,0.7,Both sexes
Australia,2012,0.57,Both sexes
Australia,2013,0.55,Both sexes
Australia,2014,0.49,Both sexes
Australia,2015,0.44,Both sexes
Australia,2016,0.43,Both sexes
Australia,2017,0.44,Both sexes
Australia,2018,0.48,Both sexes
Australia,2019,0.69,Both sexes
Austria,2010,1.79,Both sexes
Austria,2011,1.79,Both sexes
Austria,2012,1.59,Both sexes
Austria,2013,1.53,Both sexes
Austria,2014,1.46,Both sexes
Austria,2015,1.5,Both sexes
Austria,2016,1.34,Both sexes
Austria,2017,1.29,Both sexes
Austria,2018,1.37,Both sexes
Austria,2019,1.17,Both sexes
Azerbaijan,2010,1.7,Both sexes
Azerbaijan,2011,1.91,Both sexes
Azerbaijan,2012,1.92,Both sexes
Azerbaijan,2013,1.81,Both sexes
Azerbaijan,2014,1.74,Both sexes
Azerbaijan,2015,1.71,Both sexes
Azerbaijan,2016,1.67,Both sexes
Azerbaijan,2017,1.62,Both sexes
Azerbaijan,2018,1.56,Both sexes
Azerbaijan,2019,1.43,Both sexes
Bahamas,2010,0.07,Both sexes
Bahamas,2011,0.067,Both sexes
Bahamas,2012,0.086,Both sexes
Bahamas,2013,0.072,Both sexes
Bahamas,2014,0.086,Both sexes
Bahamas,2015,0.085,Both sexes
Bahamas,2016,0.098,Both sexes
Bahamas,2017,0.11,Both sexes
Bahamas,2018,0.1,Both sexes
Bahamas,2019,0.079,Both sexes
Bahrain,2010,3.43,Both sexes
Bahrain,2011,3.03,Both sexes
Bahrain,2012,2.7,Both sexes
Bahrain,2013,2.49,Both sexes
Bahrain,2014,2.34,Both sexes
Bahrain,2015,2.57,Both sexes
Bahrain,2016,2.5,Both sexes
Bahrain,2017,2.64,Both sexes
Bahrain,2018,2.77,Both sexes
Bahrain,2019,2.73,Both sexes
Bangladesh,2010,2.01,Both sexes
Bangladesh,2011,1.95,Both sexes
Bangladesh,2012,1.92,Both sexes
Bangladesh,2013,1.95,Both sexes
Bangladesh,2014,1.93,Both sexes
Bangladesh,2015,1.89,Both sexes
Bangladesh,2016,1.83,Both sexes
Bangladesh,2017,1.82,Both sexes
Bangladesh,2018,1.97,Both sexes
Bangladesh,2019,1.85,Both sexes
Barbados,2010,0.31,Both sexes
Barbados,2011,0.32,Both sexes
Barbados,2012,0.32,Both sexes
Barbados,2013,0.3,Both sexes
Barbados,2014,0.35,Both sexes
Barbados,2015,0.37,Both sexes
Barbados,2016,0.36,Both sexes
Barbados,2017,0.39,Both sexes
Barbados,2018,0.37,Both sexes
Barbados,2019,0.34,Both sexes
Belarus,2010,2.12,Both sexes
Belarus,2011,1.89,Both sexes
Belarus,2012,1.63,Both sexes
Belarus,2013,1.59,Both sexes
Belarus,2014,1.62,Both sexes
Belarus,2015,1.41,Both sexes
Belarus,2016,1.27,Both sexes
Belarus,2017,1.22,Both sexes
Belarus,2018,1.39,Both sexes
Belarus,2019,1.32,Both sexes
Belgium,2010,2.6,Both sexes
Belgium,2011,2.59,Both sexes
Belgium,2012,2.16,Both sexes
Belgium,2013,2.14,Both sexes
Belgium,2014,1.91,Both sexes
Belgium,2015,1.84,Both sexes
Belgium,2016,1.67,Both sexes
Belgium,2017,1.66,Both sexes
Belgium,2018,1.6,Both sexes
Belgium,2019,1.43,Both sexes
Belize,2010,0.47,Both sexes
Belize,2011,0.45,Both sexes
Belize,2012,0.47,Both sexes
Belize,2013,0.48,Both sexes
Belize,2014,0.52,Both sexes
Belize,2015,0.55,Both sexes
Belize,2016,0.54,Both sexes
Belize,2017,0.56,Both sexes
Belize,2018,0.54,Both sexes
Belize,2019,0.52,Both sexes
Benin,2010,0.14,Both sexes
Benin,2011,0.14,Both sexes
Benin,2012,0.15,Both sexes
Benin,2013,0.14,Both sexes
Benin,2014,0.14,Both sexes
Benin,2015,0.15,Both sexes
Benin,2016,0.15,Both sexes
Benin,2017,0.15,Both sexes
Benin,2018,0.15,Both sexes
Benin,2019,0.15,Both sexes
Bhutan,2010,0.92,Both sexes
Bhutan,2011,0.92,Both sexes
Bhutan,2012,0.95,Both sexes
Bhutan,2013,0.97,Both sexes
Bhutan,2014,0.95,Both sexes
Bhutan,2015,0.94,Both sexes
Bhutan,2016,0.91,Both sexes
Bhutan,2017,0.88,Both sexes
Bhutan,2018,0.96,Both sexes
Bhutan,2019,0.89,Both sexes
Bolivia (Plurinational State of),2010,1.0,Both sexes
Bolivia (Plurinational State of),2011,0.94,Both sexes
Bolivia (Plurinational State of),2012,0.96,Both sexes
Bolivia (Plurinational State of),2013,0.97,Both sexes
Bolivia (Plurinational State of),2014,0.99,Both sexes
Bolivia (Plurinational State of),2015,0.97,Both sexes
Bolivia (Plurinational State of),2016,0.99,Both sexes
Bolivia (Plurinational State of),2017,0.92,Both sexes
Bolivia (Plurinational State of),2018,0.95,Both sexes
Bolivia (Plurinational State of),2019,0.97,Both sexes
Bosnia and Herzegovina,2010,5.18,Both sexes
Bosnia and Herzegovina,2011,5.37,Both sexes
Bosnia and Herzegovina,2012,4.96,Both sexes
Bosnia and Herzegovina,2013,4.68,Both sexes
Bosnia and Herzegovina,2014,4.73,Both sexes
Bosnia and Herzegovina,2015,4.6,Both sexes
Bosnia and Herzegovina,2016,4.38,Both sexes
Bosnia and Herzegovina,2017,4.56,Both sexes
Bosnia and Herzegovina,2018,4.65,Both sexes
Bosnia and Herzegovina,2019,3.93,Both sexes
Botswana,2010,0.23,Both sexes
Botswana,2011,0.22,Both sexes
Botswana,2012,0.21,Both sexes
Botswana,2013,0.2,Both sexes
Botswana,2014,0.2,Both sexes
Botswana,2015,0.2,Both sexes
Botswana,2016,0.19,Both sexes
Botswana,2017,0.2,Both sexes
Botswana,2018,0.2,Both sexes
Botswana,2019,0.19,Both sexes
Brazil,2010,0.92,Both sexes
Brazil,2011,0.92,Both sexes
Brazil,2012,0.88,Both sexes
Brazil,2013,0.81,Both sexes
Brazil,2014,0.82,Both sexes
Brazil,2015,0.73,Both sexes
Brazil,2016,0.72,Both sexes
Brazil,2017,0.9,Both sexes
Brazil,2018,0.65,Both sexes
Brazil,2019,0.63,Both sexes
Brunei Darussalam,2010,1.02,Both sexes
Brunei Darussalam,2011,1.09,Both sexes
Brunei Darussalam,2012,0.95,Both sexes
Brunei Darussalam,2013,1.05,Both sexes
Brunei Darussalam,2014,1.01,Both sexes
Brunei Darussalam,2015,0.94,Both sexes
Brunei Darussalam,2016,0.86,Both sexes
Brunei Darussalam,2017,0.63,Both sexes
Brunei Darussalam,2018,0.54,Both sexes
Brunei Darussalam,2019,0.57,Both sexes
Bulgaria,2010,2.76,Both sexes
Bulgaria,2011,2.85,Both sexes
Bulgaria,2012,2.74,Both sexes
Bulgaria,2013,2.62,Both sexes
Bulgaria,2014,2.51,Both sexes
Bulgaria,2015,2.45,Both sexes
Bulgaria,2016,2.24,Both sexes
Bulgaria,2017,2.31,Both sexes
Bulgaria,2018,2.31,Both sexes
Bulgaria,2019,1.89,Both sexes
Burkina Faso,2010,0.4,Both sexes
Burkina Faso,2011,0.4,Both sexes
Burkina Faso,2012,0.42,Both sexes
Burkina Faso,2013,0.41,Both sexes
Burkina Faso,2014,0.43,Both sexes
Burkina Faso,2015,0.47,Both sexes
Burkina Faso,2016,0.48,Both sexes
Burkina Faso,2017,0.49,Both sexes
Burkina Faso,2018,0.49,Both sexes
Burkina Faso,2019,0.48,Both sexes
Burundi,2010,0.23,Both sexes
Burundi,2011,0.23,Both sexes
Burundi,2012,0.23,Both sexes
Burundi,2013,0.23,Both sexes
Burundi,2014,0.23,Both sexes
Burundi,2015,0.23,Both sexes
Burundi,2016,0.23,Both sexes
Burundi,2017,0.22,Both sexes
Burundi,2018,0.23,Both sexes
Burundi,2019,0.23,Both sexes
Cabo Verde,2010,1.04,Both sexes
Cabo Verde,2011,1.16,Both sexes
Cabo Verde,2012,1.23,Both sexes
Cabo Verde,2013,1.2,Both sexes
Cabo Verde,2014,1.19,Both sexes
Cabo Verde,2015,1.31,Both sexes
Cabo Verde,2016,1.32,Both sexes
Cabo Verde,2017,1.38,Both sexes
Cabo Verde,2018,1.59,Both sexes
Cabo Verde,2019,1.59,Both sexes
Cambodia,2010,1.29,Both sexes
Cambodia,2011,1.2,Both sexes
Cambodia,2012,1.26,Both sexes
Cambodia,2013,1.33,Both sexes
Cambodia,2014,1.19,Both sexes
Cambodia,2015,1.23,Both sexes
Cambodia,2016,1.36,Both sexes
Cambodia,2017,1.2,Both sexes
Cambodia,2018,1.24,Both sexes
Cambodia,2019,1.3,Both sexes
Cameroon,2010,0.54,Both sexes
Cameroon,2011,0.55,Both sexes
Cameroon,2012,0.57,Both sexes
Cameroon,2013,0.55,Both sexes
Cameroon,2014,0.56,Both sexes
Cameroon,2015,0.6,Both sexes
Cameroon,2016,0.59,Both sexes
Cameroon,2017,0.59,Both sexes
Cameroon,2018,0.58,Both sexes
Cameroon,2019,0.57,Both sexes
Canada,2010,0.98,Both sexes
Canada,2011,0.98,Both sexes
Canada,2012,0.93,Both sexes
Canada,2013,0.84,Both sexes
Canada,2014,0.81,Both sexes
Canada,2015,0.75,Both sexes
Canada,2016,0.56,Both sexes
Canada,2017,0.66,Both sexes
Canada,2018,0.69,Both sexes
Canada,2019,0.54,Both sexes
Central African Republic,2010,0.3,Both sexes
Central African Republic,2011,0.3,Both sexes
Central African Republic,2012,0.3,Both sexes
Central African Republic,2013,0.28,Both sexes
Central African Republic,2014,0.29,Both sexes
Central African Republic,2015,0.29,Both sexes
Central African Republic,2016,0.29,Both sexes
Central African Republic,2017,0.28,Both sexes
Central African Republic,2018,0.28,Both sexes
Central African Republic,2019,0.27,Both sexes
Chad,2010,0.27,Both sexes
Chad,2011,0.28,Both sexes
Chad,2012,0.28,Both sexes
Chad,2013,0.27,Both sexes
Chad,2014,0.28,Both sexes
Chad,2015,0.29,Both sexes
Chad,2016,0.29,Both sexes
Chad,2017,0.29,Both sexes
Chad,2018,0.29,Both sexes
Chad,2019,0.28,Both sexes
Chile,2010,1.41,Both sexes
Chile,2011,1.44,Both sexes
Chile,2012,1.39,Both sexes
Chile,2013,1.53,Both sexes
Chile,2014,1.46,Both sexes
Chile,2015,1.48,Both sexes
Chile,2016,1.44,Both sexes
Chile,2017,1.36,Both sexes
Chile,2018,1.27,Both sexes
Chile,2019,1.2,Both sexes
China,2010,7.08,Both sexes
China,2011,7.55,Both sexes
China,2012,7.61,Both sexes
China,2013,8.59,Both sexes
China,2014,7.65,Both sexes
China,2015,7.23,Both sexes
China,2016,6.8,Both sexes
China,2017,6.72,Both sexes
China,2018,6.04,Both sexes
China,2019,5.79,Both sexes
Colombia,2010,0.86,Both sexes
Colombia,2011,0.85,Both sexes
Colombia,2012,0.8,Both sexes
Colombia,2013,0.84,Both sexes
Colombia,2014,0.82,Both sexes
Colombia,2015,0.82,Both sexes
Colombia,2016,0.77,Both sexes
Colombia,2017,0.71,Both sexes
Colombia,2018,0.66,Both sexes
Colombia,2019,0.62,Both sexes
Comoros,2010,0.013,Both sexes
Comoros,2011,0.013,Both sexes
Comoros,2012,0.013,Both sexes
Comoros,2013,0.013,Both sexes
Comoros,2014,0.014,Both sexes
Comoros,2015,0.015,Both sexes
Comoros,2016,0.014,Both sexes
Comoros,2017,0.014,Both sexes
Comoros,2018,0.014,Both sexes
Comoros,2019,0.014,Both sexes
Congo,2010,0.29,Both sexes
Congo,2011,0.3,Both sexes
Congo,2012,0.3,Both sexes
Congo,2013,0.3,Both sexes
Congo,2014,0.3,Both sexes
Congo,2015,0.3,Both sexes
Congo,2016,0.31,Both sexes
Congo,2017,0.3,Both sexes
Congo,2018,0.32,Both sexes
Congo,2019,0.31,Both sexes
Costa Rica,2010,0.57,Both sexes
Costa Rica,2011,0.58,Both sexes
Costa Rica,2012,0.54,Both sexes
Costa Rica,2013,0.54,Both sexes
Costa Rica,2014,0.48,Both sexes
Costa Rica,2015,0.49,Both sexes
Costa Rica,2016,0.47,Both sexes
Costa Rica,2017,0.43,Both sexes
Costa Rica,2018,0.39,Both sexes
Costa Rica,2019,0.38,Both sexes
Cote d'Ivoire,2010,0.43,Both sexes
Cote d'Ivoire,2011,0.44,Both sexes
Cote d'Ivoire,2012,0.45,Both sexes
Cote d'Ivoire,2013,0.44,Both sexes
Cote d'Ivoire,2014,0.44,Both sexes
Cote d'Ivoire,2015,0.48,Both sexes
Cote d'Ivoire,2016,0.46,Both sexes
Cote d'Ivoire,2017,0.46,Both sexes
Cote d'Ivoire,2018,0.46,Both sexes
Cote d'Ivoire,2019,0.45,Both sexes
Croatia,2010,3.31,Both sexes
Croatia,2011,3.53,Both sexes
Croatia,2012,3.08,Both sexes
Croatia,2013,2.95,Both sexes
Croatia,2014,2.97,Both sexes
Croatia,2015,2.87,Both sexes
Croatia,2016,2.72,Both sexes
Croatia,2017,2.92,Both sexes
Croatia,2018,2.85,Both sexes
Croatia,2019,2.27,Both sexes
Cuba,2010,1.87,Both sexes
Cuba,2011,1.7,Both sexes
Cuba,2012,1.84,Both sexes
Cuba,2013,1.76,Both sexes
Cuba,2014,1.87,Both sexes
Cuba,2015,1.91,Both sexes
Cuba,2016,1.91,Both sexes
Cuba,2017,1.96,Both sexes
Cuba,2018,1.88,Both sexes
Cuba,2019,1.73,Both sexes
Cyprus,2010,1.39,Both sexes
Cyprus,2011,1.63,Both sexes
Cyprus,2012,1.51,Both sexes
Cyprus,2013,1.3,Both sexes
Cyprus,2014,1.24,Both sexes
Cyprus,2015,1.14,Both sexes
Cyprus,2016,1.14,Both sexes
Cyprus,2017,1.22,Both sexes
Cyprus,2018,1.17,Both sexes
Cyprus,2019,1.12,Both sexes
Czechia,2010,2.85,Both sexes
Czechia,2011,2.85,Both sexes
Czechia,2012,2.54,Both sexes
Czechia,2013,2.31,Both sexes
Czechia,2014,2.23,Both sexes
Czechia,2015,2.09,Both sexes
Czechia,2016,1.97,Both sexes
Czechia,2017,2.02,Both sexes
Czechia,2018,1.97,Both sexes
Czechia,2019,1.58,Both sexes
Democratic People's Republic of Korea,2010,7.42,Both sexes
Democratic People's Republic of Korea,2011,7.91,Both sexes
Democratic People's Republic of Korea,2012,8.03,Both sexes
Democratic People's Republic of Korea,2013,9.12,Both sexes
Democratic People's Republic of Korea,2014,8.32,Both sexes
Democratic People's Republic of Korea,2015,7.94,Both sexes
Democratic People's Republic of Korea,2016,7.36,Both sexes
Democratic People's Republic of Korea,2017,7.27,Both sexes
Democratic People's Republic of Korea,2018,6.54,Both sexes
Democratic People's Republic of Korea,2019,6.29,Both sexes
Democratic Republic of the Congo,2010,0.38,Both sexes
Democratic Republic of the Congo,2011,0.38,Both sexes
Democratic Republic of the Congo,2012,0.39,Both sexes
Democratic Republic of the Congo,2013,0.4,Both sexes
Democratic Republic of the Congo,2014,0.4,Both sexes
Democratic Republic of the Congo,2015,0.41,Both sexes
Democratic Republic of the Congo,2016,0.42,Both sexes
Democratic Republic of the Congo,2017,0.41,Both sexes
Democratic Republic of the Congo,2018,0.42,Both sexes
Democratic Republic of the Congo,2019,0.42,Both sexes
Denmark,2010,2.12,Both sexes
Denmark,2011,2.14,Both sexes
Denmark,2012,1.87,Both sexes
Denmark,2013,1.72,Both sexes
Denmark,2014,1.6,Both sexes
Denmark,2015,1.59,Both sexes
Denmark,2016,1.33,Both sexes
Denmark,2017,1.36,Both sexes
Denmark,2018,1.27,Both sexes
Denmark,2019,1.19,Both sexes
Djibouti,2010,0.25,Both sexes
Djibouti,2011,0.25,Both sexes
Djibouti,2012,0.26,Both sexes
Djibouti,2013,0.25,Both sexes
Djibouti,2014,0.24,Both sexes
Djibouti,2015,0.25,Both sexes
Djibouti,2016,0.25,Both sexes
Djibouti,2017,0.26,Both sexes
Djibouti,2018,0.26,Both sexes
Djibouti,2019,0.25,Both sexes
Dominican Republic,2010,0.31,Both sexes
Dominican Republic,2011,0.27,Both sexes
Dominican Republic,2012,0.31,Both sexes
Dominican Republic,2013,0.31,Both sexes
Dominican Republic,2014,0.36,Both sexes
Dominican Republic,2015,0.38,Both sexes
Dominican Republic,2016,0.39,Both sexes
Dominican Republic,2017,0.41,Both sexes
Dominican Republic,2018,0.39,Both sexes
Dominican Republic,2019,0.35,Both sexes
Ecuador,2010,0.66,Both sexes
Ecuador,2011,0.63,Both sexes
Ecuador,2012,0.65,Both sexes
Ecuador,2013,0.63,Both sexes
Ecuador,2014,0.62,Both sexes
Ecuador,2015,0.58,Both sexes
Ecuador,2016,0.55,Both sexes
Ecuador,2017,0.51,Both sexes
Ecuador,2018,0.51,Both sexes
Ecuador,2019,0.51,Both sexes
Egypt,2010,1.75,Both sexes
Egypt,2011,1.69,Both sexes
Egypt,2012,1.78,Both sexes
Egypt,2013,1.71,Both sexes
Egypt,2014,1.75,Both sexes
Egypt,2015,1.86,Both sexes
Egypt,2016,1.8,Both sexes
Egypt,2017,1.74,Both sexes
Egypt,2018,1.77,Both sexes
Egypt,2019,1.78,Both sexes
El Salvador,2010,0.6,Both sexes
El Salvador,2011,0.68,Both sexes
El Salvador,2012,0.7,Both sexes
El Salvador,2013,0.73,Both sexes
El Salvador,2014,0.63,Both sexes
El Salvador,2015,0.45,Both sexes
El Salvador,2016,0.54,Both sexes
El Salvador,2017,0.5,Both sexes
El Salvador,2018,0.47,Both sexes
El Salvador,2019,0.44,Both sexes
Equatorial Guinea,2010,0.49,Both sexes
Equatorial Guinea,2011,0.52,Both sexes
Equatorial Guinea,2012,0.53,Both sexes
Equatorial Guinea,2013,0.52,Both sexes
Equatorial Guinea,2014,0.51,Both sexes
Equatorial Guinea,2015,0.57,Both sexes
Equatorial Guinea,2016,0.57,Both sexes
Equatorial Guinea,2017,0.57,Both sexes
Equatorial Guinea,2018,0.57,Both sexes
Equatorial Guinea,2019,0.55,Both sexes
Eritrea,2010,0.31,Both sexes
Eritrea,2011,0.31,Both sexes
Eritrea,2012,0.31,Both sexes
Eritrea,2013,0.31,Both sexes
Eritrea,2014,0.3,Both sexes
Eritrea,2015,0.31,Both sexes
Eritrea,2016,0.31,Both sexes
Eritrea,2017,0.33,Both sexes
Eritrea,2018,0.32,Both sexes
Eritrea,2019,0.32,Both sexes
Estonia,2010,0.88,Both sexes
Estonia,2011,0.76,Both sexes
Estonia,2012,0.74,Both sexes
Estonia,2013,0.75,Both sexes
Estonia,2014,0.82,Both sexes
Estonia,2015,0.58,Both sexes
Estonia,2016,0.47,Both sexes
Estonia,2017,0.37,Both sexes
Estonia,2018,0.54,Both sexes
Estonia,2019,0.45,Both sexes
Eswatini,2010,0.21,Both sexes
Eswatini,2011,0.2,Both sexes
Eswatini,2012,0.2,Both sexes
Eswatini,2013,0.2,Both sexes
Eswatini,2014,0.2,Both sexes
Eswatini,2015,0.19,Both sexes
Eswatini,2016,0.19,Both sexes
Eswatini,2017,0.19,Both sexes
Eswatini,2018,0.2,Both sexes
Eswatini,2019,0.2,Both sexes
Ethiopia,2010,0.37,Both sexes
Ethiopia,2011,0.37,Both sexes
Ethiopia,2012,0.36,Both sexes
Ethiopia,2013,0.37,Both sexes
Ethiopia,2014,0.37,Both sexes
Ethiopia,2015,0.37,Both sexes
Ethiopia,2016,0.38,Both sexes
Ethiopia,2017,0.39,Both sexes
Ethiopia,2018,0.39,Both sexes
Ethiopia,2019,0.4,Both sexes
Fiji,2010,0.16,Both sexes
Fiji,2011,0.15,Both sexes
Fiji,2012,0.16,Both sexes
Fiji,2013,0.16,Both sexes
Fiji,2014,0.16,Both sexes
Fiji,2015,0.17,Both sexes
Fiji,2016,0.17,Both sexes
Fiji,2017,0.18,Both sexes
Fiji,2018,0.18,Both sexes
Fiji,2019,0.17,Both sexes
Finland,2010,0.51,Both sexes
Finland,2011,0.47,Both sexes
Finland,2012,0.38,Both sexes
Finland,2013,0.36,Both sexes
Finland,2014,0.28,Both sexes
Finland,2015,0.29,Both sexes
Finland,2016,0.23,Both sexes
Finland,2017,0.22,Both sexes
Finland,2018,0.24,Both sexes
Finland,2019,0.22,Both sexes
France,2010,1.95,Both sexes
France,2011,1.99,Both sexes
France,2012,1.83,Both sexes
France,2013,1.71,Both sexes
France,2014,1.55,Both sexes
France,2015,1.59,Both sexes
France,2016,1.4,Both sexes
France,2017,1.42,Both sexes
France,2018,1.39,Both sexes
France,2019,1.26,Both sexes
Gabon,2010,0.83,Both sexes
Gabon,2011,0.83,Both sexes
Gabon,2012,0.84,Both sexes
Gabon,2013,0.82,Both sexes
Gabon,2014,0.8,Both sexes
Gabon,2015,0.84,Both sexes
Gabon,2016,0.86,Both sexes
Gabon,2017,0.85,Both sexes
Gabon,2018,0.86,Both sexes
Gabon,2019,0.87,Both sexes
Gambia,2010,0.56,Both sexes
Gambia,2011,0.52,Both sexes
Gambia,2012,0.54,Both sexes
Gambia,2013,0.52,Both sexes
Gambia,2014,0.56,Both sexes
Gambia,2015,0.56,Both sexes
Gambia,2016,0.57,Both sexes
Gambia,2017,0.61,Both sexes
Gambia,2018,0.59,Both sexes
Gambia,2019,0.58,Both sexes
Georgia,2010,1.73,Both sexes
Georgia,2011,2.02,Both sexes
Georgia,2012,2.03,Both sexes
Georgia,2013,1.9,Both sexes
Georgia,2014,1.84,Both sexes
Georgia,2015,1.88,Both sexes
Georgia,2016,1.89,Both sexes
Georgia,2017,1.7,Both sexes
Georgia,2018,1.66,Both sexes
Georgia,2019,1.58,Both sexes
Germany,2010,1.83,Both sexes
Germany,2011,1.89,Both sexes
Germany,2012,1.67,Both sexes
Germany,2013,1.63,Both sexes
Germany,2014,1.5,Both sexes
Germany,2015,1.51,Both sexes
Germany,2016,1.38,Both sexes
Germany,2017,1.35,Both sexes
Germany,2018,1.32,Both sexes
Germany,2019,1.17,Both sexes
Ghana,2010,0.26,Both sexes
Ghana,2011,0.28,Both sexes
Ghana,2012,0.28,Both sexes
Ghana,2013,0.28,Both sexes
Ghana,2014,0.28,Both sexes
Ghana,2015,0.31,Both sexes
Ghana,2016,0.31,Both sexes
Ghana,2017,0.31,Both sexes
Ghana,2018,0.31,Both sexes
Ghana,2019,0.3,Both sexes
Greece,2010,2.9,Both sexes
Greece,2011,2.96,Both sexes
Greece,2012,2.72,Both sexes
Greece,2013,2.71,Both sexes
Greece,2014,2.37,Both sexes
Greece,2015,2.47,Both sexes
Greece,2016,2.22,Both sexes
Greece,2017,2.2,Both sexes
Greece,2018,2.27,Both sexes
Greece,2019,2.09,Both sexes
Grenada,2010,0.41,Both sexes
Grenada,2011,0.44,Both sexes
Grenada,2012,0.45,Both sexes
Grenada,2013,0.53,Both sexes
Grenada,2014,0.49,Both sexes
Grenada,2015,0.71,Both sexes
Grenada,2016,0.58,Both sexes
Grenada,2017,0.61,Both sexes
Grenada,2018,0.41,Both sexes
Grenada,2019,0.48,Both sexes
Guatemala,2010,0.46,Both sexes
Guatemala,2011,0.46,Both sexes
Guatemala,2012,0.42,Both sexes
Guatemala,2013,0.44,Both sexes
Guatemala,2014,0.4,Both sexes
Guatemala,2015,0.4,Both sexes
Guatemala,2016,0.4,Both sexes
Guatemala,2017,0.37,Both sexes
Guatemala,2018,0.34,Both sexes
Guatemala,2019,0.33,Both sexes
Guinea,2010,0.31,Both sexes
Guinea,2011,0.31,Both sexes
Guinea,2012,0.32,Both sexes
Guinea,2013,0.31,Both sexes
Guinea,2014,0.32,Both sexes
Guinea,2015,0.33,Both sexes
Guinea,2016,0.33,Both sexes
Guinea,2017,0.33,Both sexes
Guinea,2018,0.32,Both sexes
Guinea,2019,0.32,Both sexes
Guinea-Bissau,2010,0.28,Both sexes
Guinea-Bissau,2011,0.28,Both sexes
Guinea-Bissau,2012,0.29,Both sexes
Guinea-Bissau,2013,0.27,Both sexes
Guinea-Bissau,2014,0.29,Both sexes
Guinea-Bissau,2015,0.3,Both sexes
Guinea-Bissau,2016,0.29,Both sexes
Guinea-Bissau,2017,0.3,Both sexes
Guinea-Bissau,2018,0.3,Both sexes
Guinea-Bissau,2019,0.29,Both sexes
Guyana,2010,0.26,Both sexes
Guyana,2011,0.2,Both sexes
Guyana,2012,0.23,Both sexes
Guyana,2013,0.22,Both sexes
Guyana,2014,0.3,Both sexes
Guyana,2015,0.27,Both sexes
Guyana,2016,0.27,Both sexes
Guyana,2017,0.28,Both sexes
Guyana,2018,0.27,Both sexes
Guyana,2019,0.25,Both sexes
Haiti,2010,0.25,Both sexes
Haiti,2011,0.25,Both sexes
Haiti,2012,0.27,Both sexes
Haiti,2013,0.26,Both sexes
Haiti,2014,0.28,Both sexes
Haiti,2015,0.29,Both sexes
Haiti,2016,0.3,Both sexes
Haiti,2017,0.31,Both sexes
Haiti,2018,0.3,Both sexes
Haiti,2019,0.27,Both sexes
Honduras,2010,0.54,Both sexes
Honduras,2011,0.62,Both sexes
Honduras,2012,0.61,Both sexes
Honduras,2013,0.65,Both sexes
Honduras,2014,0.62,Both sexes
Honduras,2015,0.62,Both sexes
Honduras,2016,0.61,Both sexes
Honduras,2017,0.57,Both sexes
Honduras,2018,0.54,Both sexes
Honduras,2019,0.52,Both sexes
Hungary,2010,4.56,Both sexes
Hungary,2011,4.64,Both sexes
Hungary,2012,4.21,Both sexes
Hungary,2013,3.88,Both sexes
Hungary,2014,3.95,Both sexes
Hungary,2015,3.79,Both sexes
Hungary,2016,3.57,Both sexes
Hungary,2017,3.6,Both sexes
Hungary,2018,3.66,Both sexes
Hungary,2019,2.86,Both sexes
Iceland,2010,0.69,Both sexes
Iceland,2011,0.82,Both sexes
Iceland,2012,0.6,Both sexes
Iceland,2013,0.54,Both sexes
Iceland,2014,0.42,Both sexes
Iceland,2015,0.51,Both sexes
Iceland,2016,0.35,Both sexes
Iceland,2017,0.36,Both sexes
Iceland,2018,0.35,Both sexes
Iceland,2019,0.33,Both sexes
India,2010,1.44,Both sexes
India,2011,1.46,Both sexes
India,2012,1.49,Both sexes
India,2013,1.56,Both sexes
India,2014,1.51,Both sexes
India,2015,1.53,Both sexes
India,2016,1.5,Both sexes
India,2017,1.47,Both sexes
India,2018,1.58,Both sexes
India,2019,1.49,Both sexes
Indonesia,2010,1.1,Both sexes
Indonesia,2011,1.03,Both sexes
Indonesia,2012,1.1,Both sexes
Indonesia,2013,1.14,Both sexes
Indonesia,2014,1.04,Both sexes
Indonesia,2015,1.06,Both sexes
Indonesia,2016,1.14,Both sexes
Indonesia,2017,1.03,Both sexes
Indonesia,2018,1.04,Both sexes
Indonesia,2019,1.09,Both sexes
Iran (Islamic Republic of),2010,1.11,Both sexes
Iran (Islamic Republic of),2011,1.12,Both sexes
Iran (Islamic Republic of),2012,1.14,Both sexes
Iran (Islamic Republic of),2013,1.16,Both sexes
Iran (Islamic Republic of),2014,1.19,Both sexes
Iran (Islamic Republic of),2015,1.25,Both sexes
Iran (Islamic Republic of),2016,1.25,Both sexes
Iran (Islamic Republic of),2017,1.28,Both sexes
Iran (Islamic Republic of),2018,1.35,Both sexes
Iran (Islamic Republic of),2019,1.34,Both sexes
Iraq,2010,1.6,Both sexes
Iraq,2011,1.63,Both sexes
Iraq,2012,1.7,Both sexes
Iraq,2013,1.77,Both sexes
Iraq,2014,1.72,Both sexes
Iraq,2015,1.81,Both sexes
Iraq,2016,1.8,Both sexes
Iraq,2017,1.81,Both sexes
Iraq,2018,1.87,Both sexes
Iraq,2019,1.88,Both sexes
Ireland,2010,1.17,Both sexes
Ireland,2011,1.36,Both sexes
Ireland,2012,1.1,Both sexes
Ireland,2013,1.07,Both sexes
Ireland,2014,1.03,Both sexes
Ireland,2015,0.98,Both sexes
Ireland,2016,0.82,Both sexes
Ireland,2017,0.81,Both sexes
Ireland,2018,0.81,Both sexes
Ireland,2019,0.78,Both sexes
Israel,2010,2.35,Both sexes
Israel,2011,2.23,Both sexes
Israel,2012,2.01,Both sexes
Israel,2013,2.03,Both sexes
Israel,2014,1.94,Both sexes
Israel,2015,1.97,Both sexes
Israel,2016,1.74,Both sexes
Israel,2017,1.58,Both sexes
Israel,2018,1.66,Both sexes
Israel,2019,1.58,Both sexes
Italy,2010,2.31,Both sexes
Italy,2011,2.39,Both sexes
Italy,2012,2.09,Both sexes
Italy,2013,1.98,Both sexes
Italy,2014,1.8,Both sexes
Italy,2015,1.86,Both sexes
Italy,2016,1.65,Both sexes
Italy,2017,1.64,Both sexes
Italy,2018,1.63,Both sexes
Italy,2019,1.41,Both sexes
Jamaica,2010,1.02,Both sexes
Jamaica,2011,1.04,Both sexes
Jamaica,2012,0.95,Both sexes
Jamaica,2013,0.92,Both sexes
Jamaica,2014,1.04,Both sexes
Jamaica,2015,1.09,Both sexes
Jamaica,2016,1.09,Both sexes
Jamaica,2017,1.11,Both sexes
Jamaica,2018,1.07,Both sexes
Jamaica,2019,1.0,Both sexes
Japan,2010,1.37,Both sexes
Japan,2011,1.32,Both sexes
Japan,2012,1.15,Both sexes
Japan,2013,1.26,Both sexes
Japan,2014,1.24,Both sexes
Japan,2015,1.16,Both sexes
Japan,2016,1.11,Both sexes
Japan,2017,1.02,Both sexes
Japan,2018,0.9,Both sexes
Japan,2019,0.88,Both sexes
Jordan,2010,2.33,Both sexes
Jordan,2011,2.37,Both sexes
Jordan,2012,2.37,Both sexes
Jordan,2013,2.32,Both sexes
Jordan,2014,2.26,Both sexes
Jordan,2015,2.31,Both sexes
Jordan,2016,2.24,Both sexes
Jordan,2017,2.24,Both sexes
Jordan,2018,2.25,Both sexes
Jordan,2019,2.23,Both sexes
Kazakhstan,2010,3.71,Both sexes
Kazakhstan,2011,3.99,Both sexes
Kazakhstan,2012,3.9,Both sexes
Kazakhstan,2013,3.45,Both sexes
Kazakhstan,2014,3.14,Both sexes
Kazakhstan,2015,3.03,Both sexes
Kazakhstan,2016,2.96,Both sexes
Kazakhstan,2017,2.74,Both sexes
Kazakhstan,2018,2.61,Both sexes
Kazakhstan,2019,2.38,Both sexes
Kenya,2010,0.17,Both sexes
Kenya,2011,0.17,Both sexes
Kenya,2012,0.17,Both sexes
Kenya,2013,0.17,Both sexes
Kenya,2014,0.17,Both sexes
Kenya,2015,0.17,Both sexes
Kenya,2016,0.17,Both sexes
Kenya,2017,0.17,Both sexes
Kenya,2018,0.18,Both sexes
Kenya,2019,0.18,Both sexes
Kiribati,2010,0.51,Both sexes
Kiribati,2011,0.52,Both sexes
Kiribati,2012,0.51,Both sexes
Kiribati,2013,0.5,Both sexes
Kiribati,2014,0.48,Both sexes
Kiribati,2015,0.48,Both sexes
Kiribati,2016,0.52,Both sexes
Kiribati,2017,0.52,Both sexes
Kiribati,2018,0.51,Both sexes
Kiribati,2019,0.51,Both sexes
Kuwait,2010,1.91,Both sexes
Kuwait,2011,1.78,Both sexes
Kuwait,2012,1.85,Both sexes
Kuwait,2013,1.81,Both sexes
Kuwait,2014,1.73,Both sexes
Kuwait,2015,1.84,Both sexes
Kuwait,2016,1.82,Both sexes
Kuwait,2017,1.86,Both sexes
Kuwait,2018,1.87,Both sexes
Kuwait,2019,1.85,Both sexes
Kyrgyzstan,2010,2.96,Both sexes
Kyrgyzstan,2011,3.33,Both sexes
Kyrgyzstan,2012,3.3,Both sexes
Kyrgyzstan,2013,3.11,Both sexes
Kyrgyzstan,2014,3.1,Both sexes
Kyrgyzstan,2015,2.89,Both sexes
Kyrgyzstan,2016,2.69,Both sexes
Kyrgyzstan,2017,2.51,Both sexes
Kyrgyzstan,2018,2.36,Both sexes
Kyrgyzstan,2019,2.1,Both sexes
Lao People's Democratic Republic,2010,2.1,Both sexes
Lao People's Democratic Republic,2011,1.86,Both sexes
Lao People's Democratic Republic,2012,1.98,Both sexes
Lao People's Democratic Republic,2013,2.05,Both sexes
Lao People's Democratic Republic,2014,1.85,Both sexes
Lao People's Democratic Republic,2015,1.9,Both sexes
Lao People's Democratic Republic,2016,2.12,Both sexes
Lao People's Democratic Republic,2017,1.84,Both sexes
Lao People's Democratic Republic,2018,1.86,Both sexes
Lao People's Democratic Republic,2019,2.02,Both sexes
Latvia,2010,2.04,Both sexes
Latvia,2011,1.81,Both sexes
Latvia,2012,1.68,Both sexes
Latvia,2013,1.76,Both sexes
Latvia,2014,1.71,Both sexes
Latvia,2015,1.37,Both sexes
Latvia,2016,1.27,Both sexes
Latvia,2017,1.25,Both sexes
Latvia,2018,1.35,Both sexes
Latvia,2019,1.26,Both sexes
Lebanon,2010,2.57,Both sexes
Lebanon,2011,2.52,Both sexes
Lebanon,2012,2.59,Both sexes
Lebanon,2013,2.59,Both sexes
Lebanon,2014,2.58,Both sexes
Lebanon,2015,2.62,Both sexes
Lebanon,2016,2.57,Both sexes
Lebanon,2017,2.49,Both sexes
Lebanon,2018,2.52,Both sexes
Lebanon,2019,2.52,Both sexes
Lesotho,2010,0.3,Both sexes
Lesotho,2011,0.3,Both sexes
Lesotho,2012,0.3,Both sexes
Lesotho,2013,0.31,Both sexes
Lesotho,2014,0.32,Both sexes
Lesotho,2015,0.31,Both sexes
Lesotho,2016,0.31,Both sexes
Lesotho,2017,0.31,Both sexes
Lesotho,2018,0.32,Both sexes
Lesotho,2019,0.31,Both sexes
Liberia,2010,0.37,Both sexes
Liberia,2011,0.38,Both sexes
Liberia,2012,0.41,Both sexes
Liberia,2013,0.38,Both sexes
Liberia,2014,0.39,Both sexes
Liberia,2015,0.41,Both sexes
Liberia,2016,0.39,Both sexes
Liberia,2017,0.39,Both sexes
Liberia,2018,0.39,Both sexes
Liberia,2019,0.39,Both sexes
Libya,2010,1.88,Both sexes
Libya,2011,1.71,Both sexes
Libya,2012,1.68,Both sexes
Libya,2013,1.77,Both sexes
Libya,2014,1.72,Both sexes
Libya,2015,1.67,Both sexes
Libya,2016,1.72,Both sexes
Libya,2017,1.63,Both sexes
Libya,2018,1.72,Both sexes
Libya,2019,1.69,Both sexes
Lithuania,2010,1.54,Both sexes
Lithuania,2011,1.48,Both sexes
Lithuania,2012,1.37,Both sexes
Lithuania,2013,1.39,Both sexes
Lithuania,2014,1.45,Both sexes
Lithuania,2015,1.25,Both sexes
Lithuania,2016,1.04,Both sexes
Lithuania,2017,0.94,Both sexes
Lithuania,2018,1.06,Both sexes
Lithuania,2019,1.02,Both sexes
Luxembourg,2010,1.53,Both sexes
Luxembourg,2011,1.53,Both sexes
Luxembourg,2012,1.29,Both sexes
Luxembourg,2013,1.3,Both sexes
Luxembourg,2014,1.13,Both sexes
Luxembourg,2015,1.22,Both sexes
Luxembourg,2016,1.04,Both sexes
Luxembourg,2017,1.06,Both sexes
Luxembourg,2018,1.06,Both sexes
Luxembourg,2019,0.94,Both sexes
Madagascar,2010,0.086,Both sexes
Madagascar,2011,0.086,Both sexes
Madagascar,2012,0.084,Both sexes
Madagascar,2013,0.085,Both sexes
Madagascar,2014,0.083,Both sexes
Madagascar,2015,0.084,Both sexes
Madagascar,2016,0.085,Both sexes
Madagascar,2017,0.082,Both sexes
Madagascar,2018,0.084,Both sexes
Madagascar,2019,0.084,Both sexes
Malawi,2010,0.15,Both sexes
Malawi,2011,0.16,Both sexes
Malawi,2012,0.16,Both sexes
Malawi,2013,0.15,Both sexes
Malawi,2014,0.15,Both sexes
Malawi,2015,0.15,Both sexes
Malawi,2016,0.15,Both sexes
Malawi,2017,0.15,Both sexes
Malawi,2018,0.16,Both sexes
Malawi,2019,0.16,Both sexes
Malaysia,2010,1.71,Both sexes
Malaysia,2011,1.57,Both sexes
Malaysia,2012,1.63,Both sexes
Malaysia,2013,1.61,Both sexes
Malaysia,2014,1.46,Both sexes
Malaysia,2015,1.49,Both sexes
Malaysia,2016,1.58,Both sexes
Malaysia,2017,1.41,Both sexes
Malaysia,2018,1.41,Both sexes
Malaysia,2019,1.49,Both sexes
Maldives,2010,0.99,Both sexes
Maldives,2011,0.88,Both sexes
Maldives,2012,0.92,Both sexes
Maldives,2013,0.93,Both sexes
Maldives,2014,0.79,Both sexes
Maldives,2015,0.78,Both sexes
Maldives,2016,0.88,Both sexes
Maldives,2017,0.79,Both sexes
Maldives,2018,0.76,Both sexes
Maldives,2019,0.77,Both sexes
Mali,2010,0.57,Both sexes
Mali,2011,0.56,Both sexes
Mali,2012,0.58,Both sexes
Mali,2013,0.54,Both sexes
Mali,2014,0.56,Both sexes
Mali,2015,0.59,Both sexes
Mali,2016,0.59,Both sexes
Mali,2017,0.6,Both sexes
Mali,2018,0.6,Both sexes
Mali,2019,0.58,Both sexes
Malta,2010,1.71,Both sexes
Malta,2011,1.66,Both sexes
Malta,2012,1.35,Both sexes
Malta,2013,1.33,Both sexes
Malta,2014,1.3,Both sexes
Malta,2015,1.34,Both sexes
Malta,2016,1.25,Both sexes
Malta,2017,1.15,Both sexes
Malta,2018,1.28,Both sexes
Malta,2019,1.19,Both sexes
Mauritania,2010,0.42,Both sexes
Mauritania,2011,0.45,Both sexes
Mauritania,2012,0.47,Both sexes
Mauritania,2013,0.46,Both sexes
Mauritania,2014,0.44,Both sexes
Mauritania,2015,0.47,Both sexes
Mauritania,2016,0.45,Both sexes
Mauritania,2017,0.47,Both sexes
Mauritania,2018,0.46,Both sexes
Mauritania,2019,0.45,Both sexes
Mauritius,2010,0.5,Both sexes
Mauritius,2011,0.49,Both sexes
Mauritius,2012,0.51,Both sexes
Mauritius,2013,0.55,Both sexes
Mauritius,2014,0.52,Both sexes
Mauritius,2015,0.53,Both sexes
Mauritius,2016,0.47,Both sexes
Mauritius,2017,0.43,Both sexes
Mauritius,2018,0.4,Both sexes
Mauritius,2019,0.47,Both sexes
Mexico,2010,0.76,Both sexes
Mexico,2011,0.77,Both sexes
Mexico,2012,0.68,Both sexes
Mexico,2013,0.7,Both sexes
Mexico,2014,0.65,Both sexes
Mexico,2015,0.65,Both sexes
Mexico,2016,0.63,Both sexes
Mexico,2017,0.59,Both sexes
Mexico,2018,0.54,Both sexes
Mexico,2019,0.51,Both sexes
Micronesia (Federated States of),2010,0.8,Both sexes
Micronesia (Federated States of),2011,0.75,Both sexes
Micronesia (Federated States of),2012,0.78,Both sexes
Micronesia (Federated States of),2013,0.82,Both sexes
Micronesia (Federated States of),2014,0.77,Both sexes
Micronesia (Federated States of),2015,0.83,Both sexes
Micronesia (Federated States of),2016,0.86,Both sexes
Micronesia (Federated States of),2017,0.83,Both sexes
Micronesia (Federated States of),2018,0.84,Both sexes
Micronesia (Federated States of),2019,0.87,Both sexes
Mongolia,2010,3.63,Both sexes
Mongolia,2011,3.99,Both sexes
Mongolia,2012,3.95,Both sexes
Mongolia,2013,3.7,Both sexes
Mongolia,2014,3.51,Both sexes
Mongolia,2015,3.51,Both sexes
Mongolia,2016,3.6,Both sexes
Mongolia,2017,3.53,Both sexes
Mongolia,2018,3.47,Both sexes
Mongolia,2019,3.39,Both sexes
Montenegro,2010,4.09,Both sexes
Montenegro,2011,4.21,Both sexes
Montenegro,2012,4.08,Both sexes
Montenegro,2013,3.63,Both sexes
Montenegro,2014,3.63,Both sexes
Montenegro,2015,3.51,Both sexes
Montenegro,2016,3.38,Both sexes
Montenegro,2017,3.56,Both sexes
Montenegro,2018,3.6,Both sexes
Montenegro,2019,3.01,Both sexes
Morocco,2010,1.01,Both sexes
Morocco,2011,1.02,Both sexes
Morocco,2012,1.02,Both sexes
Morocco,2013,1.05,Both sexes
Morocco,2014,1.08,Both sexes
Morocco,2015,1.11,Both sexes
Morocco,2016,1.12,Both sexes
Morocco,2017,1.16,Both sexes
Morocco,2018,1.14,Both sexes
Morocco,2019,1.13,Both sexes
Mozambique,2010,0.12,Both sexes
Mozambique,2011,0.12,Both sexes
Mozambique,2012,0.12,Both sexes
Mozambique,2013,0.12,Both sexes
Mozambique,2014,0.13,Both sexes
Mozambique,2015,0.13,Both sexes
Mozambique,2016,0.13,Both sexes
Mozambique,2017,0.12,Both sexes
Mozambique,2018,0.13,Both sexes
Mozambique,2019,0.13,Both sexes
Myanmar,2010,2.13,Both sexes
Myanmar,2011,1.95,Both sexes
Myanmar,2012,2.04,Both sexes
Myanmar,2013,2.08,Both sexes
Myanmar,2014,1.88,Both sexes
Myanmar,2015,1.91,Both sexes
Myanmar,2016,2.08,Both sexes
Myanmar,2017,1.89,Both sexes
Myanmar,2018,1.91,Both sexes
Myanmar,2019,1.99,Both sexes
Namibia,2010,0.22,Both sexes
Namibia,2011,0.22,Both sexes
Namibia,2012,0.22,Both sexes
Namibia,2013,0.22,Both sexes
Namibia,2014,0.22,Both sexes
Namibia,2015,0.22,Both sexes
Namibia,2016,0.23,Both sexes
Namibia,2017,0.23,Both sexes
Namibia,2018,0.23,Both sexes
Namibia,2019,0.23,Both sexes
Nepal,2010,2.47,Both sexes
Nepal,2011,2.52,Both sexes
Nepal,2012,2.62,Both sexes
Nepal,2013,2.74,Both sexes
Nepal,2014,2.71,Both sexes
Nepal,2015,2.75,Both sexes
Nepal,2016,2.71,Both sexes
Nepal,2017,2.66,Both sexes
Nepal,2018,2.9,Both sexes
Nepal,2019,2.74,Both sexes
Netherlands (Kingdom of the),2010,2.5,Both sexes
Netherlands (Kingdom of the),2011,2.6,Both sexes
Netherlands (Kingdom of the),2012,2.19,Both sexes
Netherlands (Kingdom of the),2013,2.04,Both sexes
Netherlands (Kingdom of the),2014,1.89,Both sexes
Netherlands (Kingdom of the),2015,1.85,Both sexes
Netherlands (Kingdom of the),2016,1.69,Both sexes
Netherlands (Kingdom of the),2017,1.61,Both sexes
Netherlands (Kingdom of the),2018,1.5,Both sexes
Netherlands (Kingdom of the),2019,1.42,Both sexes
New Zealand,2010,0.96,Both sexes
New Zealand,2011,0.83,Both sexes
New Zealand,2012,0.66,Both sexes
New Zealand,2013,0.63,Both sexes
New Zealand,2014,0.57,Both sexes
New Zealand,2015,0.55,Both sexes
New Zealand,2016,0.52,Both sexes
New Zealand,2017,0.58,Both sexes
New Zealand,2018,0.6,Both sexes
New Zealand,2019,0.75,Both sexes
Nicaragua,2010,0.65,Both sexes
Nicaragua,2011,0.73,Both sexes
Nicaragua,2012,0.82,Both sexes
Nicaragua,2013,0.69,Both sexes
Nicaragua,2014,0.61,Both sexes
Nicaragua,2015,0.64,Both sexes
Nicaragua,2016,0.57,Both sexes
Nicaragua,2017,0.49,Both sexes
Nicaragua,2018,0.46,Both sexes
Nicaragua,2019,0.44,Both sexes
Niger,2010,0.094,Both sexes
Niger,2011,0.095,Both sexes
Niger,2012,0.096,Both sexes
Niger,2013,0.094,Both sexes
Niger,2014,0.095,Both sexes
Niger,2015,0.1,Both sexes
Niger,2016,0.1,Both sexes
Niger,2017,0.1,Both sexes
Niger,2018,0.1,Both sexes
Niger,2019,0.1,Both sexes
Nigeria,2010,0.26,Both sexes
Nigeria,2011,0.27,Both sexes
Nigeria,2012,0.28,Both sexes
Nigeria,2013,0.28,Both sexes
Nigeria,2014,0.28,Both sexes
Nigeria,2015,0.29,Both sexes
Nigeria,2016,0.29,Both sexes
Nigeria,2017,0.29,Both sexes
Nigeria,2018,0.28,Both sexes
Nigeria,2019,0.28,Both sexes
North Macedonia,2010,5.34,Both sexes
North Macedonia,2011,5.23,Both sexes
North Macedonia,2012,4.97,Both sexes
North Macedonia,2013,4.88,Both sexes
North Macedonia,2014,4.54,Both sexes
North Macedonia,2015,4.37,Both sexes
North Macedonia,2016,4.15,Both sexes
North Macedonia,2017,4.21,Both sexes
North Macedonia,2018,4.25,Both sexes
North Macedonia,2019,3.61,Both sexes
Norway,2010,0.8,Both sexes
Norway,2011,0.87,Both sexes
Norway,2012,0.67,Both sexes
Norway,2013,0.64,Both sexes
Norway,2014,0.53,Both sexes
Norway,2015,0.54,Both sexes
Norway,2016,0.46,Both sexes
Norway,2017,0.45,Both sexes
Norway,2018,0.44,Both sexes
Norway,2019,0.42,Both sexes
Oman,2010,1.02,Both sexes
Oman,2011,0.96,Both sexes
Oman,2012,0.92,Both sexes
Oman,2013,0.86,Both sexes
Oman,2014,0.79,Both sexes
Oman,2015,0.78,Both sexes
Oman,2016,0.76,Both sexes
Oman,2017,0.76,Both sexes
Oman,2018,0.74,Both sexes
Oman,2019,0.7,Both sexes
Pakistan,2010,1.64,Both sexes
Pakistan,2011,1.6,Both sexes
Pakistan,2012,1.6,Both sexes
Pakistan,2013,1.65,Both sexes
Pakistan,2014,1.59,Both sexes
Pakistan,2015,1.56,Both sexes
Pakistan,2016,1.51,Both sexes
Pakistan,2017,1.46,Both sexes
Pakistan,2018,1.55,Both sexes
Pakistan,2019,1.42,Both sexes
Panama,2010,0.53,Both sexes
Panama,2011,0.58,Both sexes
Panama,2012,0.51,Both sexes
Panama,2013,0.59,Both sexes
Panama,2014,0.53,Both sexes
Panama,2015,0.58,Both sexes
Panama,2016,0.44,Both sexes
Panama,2017,0.38,Both sexes
Panama,2018,0.39,Both sexes
Panama,2019,0.36,Both sexes
Papua New Guinea,2010,0.42,Both sexes
Papua New Guinea,2011,0.4,Both sexes
Papua New Guinea,2012,0.41,Both sexes
Papua New Guinea,2013,0.41,Both sexes
Papua New Guinea,2014,0.41,Both sexes
Papua New Guinea,2015,0.47,Both sexes
Papua New Guinea,2016,0.44,Both sexes
Papua New Guinea,2017,0.46,Both sexes
Papua New Guinea,2018,0.47,Both sexes
Papua New Guinea,2019,0.47,Both sexes
Paraguay,2010,1.04,Both sexes
Paraguay,2011,0.96,Both sexes
Paraguay,2012,0.89,Both sexes
Paraguay,2013,0.87,Both sexes
Paraguay,2014,0.8,Both sexes
Paraguay,2015,0.76,Both sexes
Paraguay,2016,0.74,Both sexes
Paraguay,2017,1.02,Both sexes
Paraguay,2018,0.7,Both sexes
Paraguay,2019,0.72,Both sexes
Peru,2010,1.35,Both sexes
Peru,2011,1.3,Both sexes
Peru,2012,1.33,Both sexes
Peru,2013,1.32,Both sexes
Peru,2014,1.31,Both sexes
Peru,2015,1.24,Both sexes
Peru,2016,1.21,Both sexes
Peru,2017,1.15,Both sexes
Peru,2018,1.18,Both sexes
Peru,2019,1.19,Both sexes
Philippines,2010,1.62,Both sexes
Philippines,2011,1.48,Both sexes
Philippines,2012,1.56,Both sexes
Philippines,2013,1.58,Both sexes
Philippines,2014,1.29,Both sexes
Philippines,2015,1.36,Both sexes
Philippines,2016,1.45,Both sexes
Philippines,2017,1.32,Both sexes
Philippines,2018,1.31,Both sexes
Philippines,2019,1.36,Both sexes
Poland,2010,4.6,Both sexes
Poland,2011,4.58,Both sexes
Poland,2012,4.17,Both sexes
Poland,2013,3.94,Both sexes
Poland,2014,3.98,Both sexes
Poland,2015,3.85,Both sexes
Poland,2016,3.63,Both sexes
Poland,2017,3.64,Both sexes
Poland,2018,3.52,Both sexes
Poland,2019,3.02,Both sexes
Portugal,2010,0.95,Both sexes
Portugal,2011,0.97,Both sexes
Portugal,2012,0.8,Both sexes
Portugal,2013,0.86,Both sexes
Portugal,2014,0.59,Both sexes
Portugal,2015,0.69,Both sexes
Portugal,2016,0.66,Both sexes
Portugal,2017,0.74,Both sexes
Portugal,2018,0.6,Both sexes
Portugal,2019,0.5,Both sexes
Qatar,2010,2.92,Both sexes
Qatar,2011,2.82,Both sexes
Qatar,2012,2.75,Both sexes
Qatar,2013,2.62,Both sexes
Qatar,2014,2.49,Both sexes
Qatar,2015,2.59,Both sexes
Qatar,2016,2.39,Both sexes
Qatar,2017,2.38,Both sexes
Qatar,2018,2.37,Both sexes
Qatar,2019,2.27,Both sexes
Republic of Korea,2010,3.48,Both sexes
Republic of Korea,2011,3.32,Both sexes
Republic of Korea,2012,3.01,Both sexes
Republic of Korea,2013,3.18,Both sexes
Republic of Korea,2014,3.11,Both sexes
Republic of Korea,2015,2.85,Both sexes
Republic of Korea,2016,2.78,Both sexes
Republic of Korea,2017,2.54,Both sexes
Republic of Korea,2018,2.25,Both sexes
Republic of Korea,2019,2.27,Both sexes
Republic of Moldova,2010,1.66,Both sexes
Republic of Moldova,2011,1.47,Both sexes
Republic of Moldova,2012,1.41,Both sexes
Republic of Moldova,2013,1.41,Both sexes
Republic of Moldova,2014,1.48,Both sexes
Republic of Moldova,2015,1.26,Both sexes
Republic of Moldova,2016,1.16,Both sexes
Republic of Moldova,2017,0.98,Both sexes
Republic of Moldova,2018,1.19,Both sexes
Republic of Moldova,2019,1.05,Both sexes
Romania,2010,2.44,Both sexes
Romania,2011,2.54,Both sexes
Romania,2012,2.33,Both sexes
Romania,2013,2.16,Both sexes
Romania,2014,2.24,Both sexes
Romania,2015,2.15,Both sexes
Romania,2016,2.03,Both sexes
Romania,2017,2.08,Both sexes
Romania,2018,2.08,Both sexes
Romania,2019,1.72,Both sexes
Russian Federation,2010,1.35,Both sexes
Russian Federation,2011,1.11,Both sexes
Russian Federation,2012,1.04,Both sexes
Russian Federation,2013,1.05,Both sexes
Russian Federation,2014,1.12,Both sexes
Russian Federation,2015,0.93,Both sexes
Russian Federation,2016,0.82,Both sexes
Russian Federation,2017,0.73,Both sexes
Russian Federation,2018,0.85,Both sexes
Russian Federation,2019,0.78,Both sexes
Rwanda,2010,0.57,Both sexes
Rwanda,2011,0.57,Both sexes
Rwanda,2012,0.58,Both sexes
Rwanda,2013,0.57,Both sexes
Rwanda,2014,0.58,Both sexes
Rwanda,2015,0.58,Both sexes
Rwanda,2016,0.59,Both sexes
Rwanda,2017,0.6,Both sexes
Rwanda,2018,0.62,Both sexes
Rwanda,2019,0.64,Both sexes
Saint Lucia,2010,0.25,Both sexes
Saint Lucia,2011,0.24,Both sexes
Saint Lucia,2012,0.26,Both sexes
Saint Lucia,2013,0.26,Both sexes
Saint Lucia,2014,0.3,Both sexes
Saint Lucia,2015,0.32,Both sexes
Saint Lucia,2016,0.34,Both sexes
Saint Lucia,2017,0.36,Both sexes
Saint Lucia,2018,0.34,Both sexes
Saint Lucia,2019,0.31,Both sexes
Saint Vincent and the Grenadines,2010,0.23,Both sexes
Saint Vincent and the Grenadines,2011,0.22,Both sexes
Saint Vincent and the Grenadines,2012,0.32,Both sexes
Saint Vincent and the Grenadines,2013,0.28,Both sexes
Saint Vincent and the Grenadines,2014,0.32,Both sexes
Saint Vincent and the Grenadines,2015,0.24,Both sexes
Saint Vincent and the Grenadines,2016,0.31,Both sexes
Saint Vincent and the Grenadines,2017,0.27,Both sexes
Saint Vincent and the Grenadines,2018,0.25,Both sexes
Saint Vincent and the Grenadines,2019,0.23,Both sexes
Samoa,2010,0.53,Both sexes
Samoa,2011,0.55,Both sexes
Samoa,2012,0.57,Both sexes
Samoa,2013,0.57,Both sexes
Samoa,2014,0.56,Both sexes
Samoa,2015,0.59,Both sexes
Samoa,2016,0.58,Both sexes
Samoa,2017,0.59,Both sexes
Samoa,2018,0.59,Both sexes
Samoa,2019,0.59,Both sexes
Sao Tome and Principe,2010,1.65,Both sexes
Sao Tome and Principe,2011,1.68,Both sexes
Sao Tome and Principe,2012,1.71,Both sexes
Sao Tome and Principe,2013,1.73,Both sexes
Sao Tome and Principe,2014,1.77,Both sexes
Sao Tome and Principe,2015,1.9,Both sexes
Sao Tome and Principe,2016,1.94,Both sexes
Sao Tome and Principe,2017,1.92,Both sexes
Sao Tome and Principe,2018,1.96,Both sexes
Sao Tome and Principe,2019,1.96,Both sexes
Saudi Arabia,2010,0.94,Both sexes
Saudi Arabia,2011,0.94,Both sexes
Saudi Arabia,2012,0.96,Both sexes
Saudi Arabia,2013,0.94,Both sexes
Saudi Arabia,2014,0.88,Both sexes
Saudi Arabia,2015,0.94,Both sexes
Saudi Arabia,2016,0.9,Both sexes
Saudi Arabia,2017,0.92,Both sexes
Saudi Arabia,2018,0.91,Both sexes
Saudi Arabia,2019,0.89,Both sexes
Senegal,2010,0.36,Both sexes
Senegal,2011,0.37,Both sexes
Senegal,2012,0.38,Both sexes
Senegal,2013,0.37,Both sexes
Senegal,2014,0.39,Both sexes
Senegal,2015,0.41,Both sexes
Senegal,2016,0.4,Both sexes
Senegal,2017,0.41,Both sexes
Senegal,2018,0.4,Both sexes
Senegal,2019,0.4,Both sexes
Serbia,2010,5.4,Both sexes
Serbia,2011,5.26,Both sexes
Serbia,2012,4.92,Both sexes
Serbia,2013,4.73,Both sexes
Serbia,2014,4.73,Both sexes
Serbia,2015,4.59,Both sexes
Serbia,2016,4.48,Both sexes
Serbia,2017,4.71,Both sexes
Serbia,2018,4.67,Both sexes
Serbia,2019,3.99,Both sexes
Seychelles,2010,1.39,Both sexes
Seychelles,2011,1.26,Both sexes
Seychelles,2012,1.35,Both sexes
Seychelles,2013,1.37,Both sexes
Seychelles,2014,1.21,Both sexes
Seychelles,2015,1.24,Both sexes
Seychelles,2016,1.39,Both sexes
Seychelles,2017,1.27,Both sexes
Seychelles,2018,1.3,Both sexes
Seychelles,2019,1.35,Both sexes
Sierra Leone,2010,0.34,Both sexes
Sierra Leone,2011,0.35,Both sexes
Sierra Leone,2012,0.38,Both sexes
Sierra Leone,2013,0.36,Both sexes
Sierra Leone,2014,0.38,Both sexes
Sierra Leone,2015,0.39,Both sexes
Sierra Leone,2016,0.38,Both sexes
Sierra Leone,2017,0.38,Both sexes
Sierra Leone,2018,0.38,Both sexes
Sierra Leone,2019,0.38,Both sexes
Singapore,2010,1.84,Both sexes
Singapore,2011,1.81,Both sexes
Singapore,2012,1.69,Both sexes
Singapore,2013,1.8,Both sexes
Singapore,2014,1.75,Both sexes
Singapore,2015,1.66,Both sexes
Singapore,2016,1.44,Both sexes
Singapore,2017,1.28,Both sexes
Singapore,2018,1.15,Both sexes
Singapore,2019,1.07,Both sexes
Slovakia,2010,2.66,Both sexes
Slovakia,2011,2.73,Both sexes
Slovakia,2012,2.49,Both sexes
Slovakia,2013,2.38,Both sexes
Slovakia,2014,2.26,Both sexes
Slovakia,2015,2.31,Both sexes
Slovakia,2016,2.18,Both sexes
Slovakia,2017,2.24,Both sexes
Slovakia,2018,2.3,Both sexes
Slovakia,2019,1.91,Both sexes
Slovenia,2010,2.8,Both sexes
Slovenia,2011,2.85,Both sexes
Slovenia,2012,2.61,Both sexes
Slovenia,2013,2.34,Both sexes
Slovenia,2014,2.49,Both sexes
Slovenia,2015,2.44,Both sexes
Slovenia,2016,2.31,Both sexes
Slovenia,2017,2.38,Both sexes
Slovenia,2018,2.37,Both sexes
Slovenia,2019,1.79,Both sexes
Solomon Islands,2010,0.23,Both sexes
Solomon Islands,2011,0.24,Both sexes
Solomon Islands,2012,0.25,Both sexes
Solomon Islands,2013,0.26,Both sexes
Solomon Islands,2014,0.26,Both sexes
Solomon Islands,2015,0.28,Both sexes
Solomon Islands,2016,0.27,Both sexes
Solomon Islands,2017,0.27,Both sexes
Solomon Islands,2018,0.28,Both sexes
Solomon Islands,2019,0.28,Both sexes
Somalia,2010,0.24,Both sexes
Somalia,2011,0.24,Both sexes
Somalia,2012,0.25,Both sexes
Somalia,2013,0.24,Both sexes
Somalia,2014,0.24,Both sexes
Somalia,2015,0.24,Both sexes
Somalia,2016,0.24,Both sexes
Somalia,2017,0.24,Both sexes
Somalia,2018,0.24,Both sexes
Somalia,2019,0.23,Both sexes
South Africa,2010,1.81,Both sexes
South Africa,2011,1.79,Both sexes
South Africa,2012,1.76,Both sexes
South Africa,2013,1.75,Both sexes
South Africa,2014,1.77,Both sexes
South Africa,2015,1.8,Both sexes
South Africa,2016,1.75,Both sexes
South Africa,2017,1.74,Both sexes
South Africa,2018,1.66,Both sexes
South Africa,2019,1.63,Both sexes
South Sudan,2010,0.3,Both sexes
South Sudan,2011,0.31,Both sexes
South Sudan,2012,0.31,Both sexes
South Sudan,2013,0.31,Both sexes
South Sudan,2014,0.3,Both sexes
South Sudan,2015,0.31,Both sexes
South Sudan,2016,0.32,Both sexes
South Sudan,2017,0.31,Both sexes
South Sudan,2018,0.32,Both sexes
South Sudan,2019,0.29,Both sexes
Spain,2010,1.53,Both sexes
Spain,2011,1.57,Both sexes
Spain,2012,1.38,Both sexes
Spain,2013,1.27,Both sexes
Spain,2014,1.1,Both sexes
Spain,2015,1.22,Both sexes
Spain,2016,1.06,Both sexes
Spain,2017,1.07,Both sexes
Spain,2018,1.01,Both sexes
Spain,2019,0.89,Both sexes
Sri Lanka,2010,0.65,Both sexes
Sri Lanka,2011,0.7,Both sexes
Sri Lanka,2012,0.64,Both sexes
Sri Lanka,2013,0.71,Both sexes
Sri Lanka,2014,0.63,Both sexes
Sri Lanka,2015,0.65,Both sexes
Sri Lanka,2016,0.72,Both sexes
Sri Lanka,2017,0.66,Both sexes
Sri Lanka,2018,0.68,Both sexes
Sri Lanka,2019,0.7,Both sexes
Sudan,2010,0.22,Both sexes
Sudan,2011,0.23,Both sexes
Sudan,2012,0.23,Both sexes
Sudan,2013,0.22,Both sexes
Sudan,2014,0.22,Both sexes
Sudan,2015,0.23,Both sexes
Sudan,2016,0.23,Both sexes
Sudan,2017,0.23,Both sexes
Sudan,2018,0.23,Both sexes
Sudan,2019,0.23,Both sexes
Suriname,2010,0.8,Both sexes
Suriname,2011,0.79,Both sexes
Suriname,2012,0.86,Both sexes
Suriname,2013,0.82,Both sexes
Suriname,2014,0.89,Both sexes
Suriname,2015,0.96,Both sexes
Suriname,2016,0.99,Both sexes
Suriname,2017,1.06,Both sexes
Suriname,2018,1.06,Both sexes
Suriname,2019,1.02,Both sexes
Sweden,2010,0.54,Both sexes
Sweden,2011,0.56,Both sexes
Sweden,2012,0.43,Both sexes
Sweden,2013,0.39,Both sexes
Sweden,2014,0.34,Both sexes
Sweden,2015,0.35,Both sexes
Sweden,2016,0.28,Both sexes
Sweden,2017,0.28,Both sexes
Sweden,2018,0.28,Both sexes
Sweden,2019,0.27,Both sexes
Switzerland,2010,1.32,Both sexes
Switzerland,2011,1.34,Both sexes
Switzerland,2012,1.14,Both sexes
Switzerland,2013,1.09,Both sexes
Switzerland,2014,0.97,Both sexes
Switzerland,2015,1.0,Both sexes
Switzerland,2016,0.88,Both sexes
Switzerland,2017,0.88,Both sexes
Switzerland,2018,0.86,Both sexes
Switzerland,2019,0.72,Both sexes
Syrian Arab Republic,2010,2.28,Both sexes
Syrian Arab Republic,2011,2.24,Both sexes
Syrian Arab Republic,2012,2.23,Both sexes
Syrian Arab Republic,2013,2.19,Both sexes
Syrian Arab Republic,2014,2.12,Both sexes
Syrian Arab Republic,2015,2.14,Both sexes
Syrian Arab Republic,2016,2.13,Both sexes
Syrian Arab Republic,2017,2.14,Both sexes
Syrian Arab Republic,2018,2.13,Both sexes
Syrian Arab Republic,2019,2.12,Both sexes
Tajikistan,2010,1.43,Both sexes
Tajikistan,2011,1.56,Both sexes
Tajikistan,2012,1.52,Both sexes
Tajikistan,2013,1.41,Both sexes
Tajikistan,2014,1.34,Both sexes
Tajikistan,2015,1.32,Both sexes
Tajikistan,2016,1.3,Both sexes
Tajikistan,2017,1.27,Both sexes
Tajikistan,2018,1.24,Both sexes
Tajikistan,2019,1.16,Both sexes
Thailand,2010,2.83,Both sexes
Thailand,2011,2.57,Both sexes
Thailand,2012,2.62,Both sexes
Thailand,2013,2.61,Both sexes
Thailand,2014,2.3,Both sexes
Thailand,2015,2.3,Both sexes
Thailand,2016,2.49,Both sexes
Thailand,2017,2.24,Both sexes
Thailand,2018,2.26,Both sexes
Thailand,2019,2.35,Both sexes
Timor-Leste,2010,0.97,Both sexes
Timor-Leste,2011,0.95,Both sexes
Timor-Leste,2012,1.04,Both sexes
Timor-Leste,2013,1.08,Both sexes
Timor-Leste,2014,1.0,Both sexes
Timor-Leste,2015,1.02,Both sexes
Timor-Leste,2016,1.11,Both sexes
Timor-Leste,2017,1.03,Both sexes
Timor-Leste,2018,1.04,Both sexes
Timor-Leste,2019,1.08,Both sexes
Togo,2010,0.31,Both sexes
Togo,2011,0.32,Both sexes
Togo,2012,0.32,Both sexes
Togo,2013,0.31,Both sexes
Togo,2014,0.31,Both sexes
Togo,2015,0.33,Both sexes
Togo,2016,0.33,Both sexes
Togo,2017,0.33,Both sexes
Togo,2018,0.33,Both sexes
Togo,2019,0.32,Both sexes
Tonga,2010,0.67,Both sexes
Tonga,2011,0.66,Both sexes
Tonga,2012,0.68,Both sexes
Tonga,2013,0.68,Both sexes
Tonga,2014,0.71,Both sexes
Tonga,2015,0.72,Both sexes
Tonga,2016,0.75,Both sexes
Tonga,2017,0.74,Both sexes
Tonga,2018,0.76,Both sexes
Tonga,2019,0.76,Both sexes
Trinidad and Tobago,2010,0.69,Both sexes
Trinidad and Tobago,2011,0.62,Both sexes
Trinidad and Tobago,2012,0.65,Both sexes
Trinidad and Tobago,2013,0.62,Both sexes
Trinidad and Tobago,2014,0.64,Both sexes
Trinidad and Tobago,2015,0.66,Both sexes
Trinidad and Tobago,2016,0.64,Both sexes
Trinidad and Tobago,2017,0.63,Both sexes
Trinidad and Tobago,2018,0.57,Both sexes
Trinidad and Tobago,2019,0.52,Both sexes
Tunisia,2010,1.75,Both sexes
Tunisia,2011,1.67,Both sexes
Tunisia,2012,1.65,Both sexes
Tunisia,2013,1.67,Both sexes
Tunisia,2014,1.73,Both sexes
Tunisia,2015,1.67,Both sexes
Tunisia,2016,1.74,Both sexes
Tunisia,2017,1.66,Both sexes
Tunisia,2018,1.72,Both sexes
Tunisia,2019,1.67,Both sexes
Turkmenistan,2010,1.25,Both sexes
Turkmenistan,2011,1.41,Both sexes
Turkmenistan,2012,1.37,Both sexes
Turkmenistan,2013,1.35,Both sexes
Turkmenistan,2014,1.34,Both sexes
Turkmenistan,2015,1.3,Both sexes
Turkmenistan,2016,1.26,Both sexes
Turkmenistan,2017,1.18,Both sexes
Turkmenistan,2018,1.18,Both sexes
Turkmenistan,2019,1.1,Both sexes
Trkiye,2010,4.52,Both sexes
Trkiye,2011,4.59,Both sexes
Trkiye,2012,4.52,Both sexes
Trkiye,2013,4.57,Both sexes
Trkiye,2014,4.51,Both sexes
Trkiye,2015,4.44,Both sexes
Trkiye,2016,4.27,Both sexes
Trkiye,2017,4.27,Both sexes
Trkiye,2018,4.24,Both sexes
Trkiye,2019,4.18,Both sexes
Uganda,2010,0.39,Both sexes
Uganda,2011,0.4,Both sexes
Uganda,2012,0.41,Both sexes
Uganda,2013,0.42,Both sexes
Uganda,2014,0.42,Both sexes
Uganda,2015,0.42,Both sexes
Uganda,2016,0.43,Both sexes
Uganda,2017,0.42,Both sexes
Uganda,2018,0.43,Both sexes
Uganda,2019,0.43,Both sexes
Ukraine,2010,1.78,Both sexes
Ukraine,2011,1.61,Both sexes
Ukraine,2012,1.53,Both sexes
Ukraine,2013,1.53,Both sexes
Ukraine,2014,1.59,Both sexes
Ukraine,2015,1.33,Both sexes
Ukraine,2016,1.19,Both sexes
Ukraine,2017,1.11,Both sexes
Ukraine,2018,1.29,Both sexes
Ukraine,2019,1.2,Both sexes
United Arab Emirates,2010,1.14,Both sexes
United Arab Emirates,2011,1.13,Both sexes
United Arab Emirates,2012,1.14,Both sexes
United Arab Emirates,2013,1.12,Both sexes
United Arab Emirates,2014,1.14,Both sexes
United Arab Emirates,2015,1.19,Both sexes
United Arab Emirates,2016,1.17,Both sexes
United Arab Emirates,2017,1.16,Both sexes
United Arab Emirates,2018,1.11,Both sexes
United Arab Emirates,2019,1.07,Both sexes
United Kingdom of Great Britain and Northern Ireland,2010,1.78,Both sexes
United Kingdom of Great Britain and Northern Ireland,2011,1.79,Both sexes
United Kingdom of Great Britain and Northern Ireland,2012,1.58,Both sexes
United Kingdom of Great Britain and Northern Ireland,2013,1.51,Both sexes
United Kingdom of Great Britain and Northern Ireland,2014,1.36,Both sexes
United Kingdom of Great Britain and Northern Ireland,2015,1.34,Both sexes
United Kingdom of Great Britain and Northern Ireland,2016,1.19,Both sexes
United Kingdom of Great Britain and Northern Ireland,2017,1.13,Both sexes
United Kingdom of Great Britain and Northern Ireland,2018,1.1,Both sexes
United Kingdom of Great Britain and Northern Ireland,2019,1.0,Both sexes
United Republic of Tanzania,2010,0.038,Both sexes
United Republic of Tanzania,2011,0.038,Both sexes
United Republic of Tanzania,2012,0.04,Both sexes
United Republic of Tanzania,2013,0.039,Both sexes
United Republic of Tanzania,2014,0.038,Both sexes
United Republic of Tanzania,2015,0.039,Both sexes
United Republic of Tanzania,2016,0.039,Both sexes
United Republic of Tanzania,2017,0.039,Both sexes
United Republic of Tanzania,2018,0.043,Both sexes
United Republic of Tanzania,2019,0.042,Both sexes
United States of America,2010,1.29,Both sexes
United States of America,2011,1.26,Both sexes
United States of America,2012,1.18,Both sexes
United States of America,2013,1.08,Both sexes
United States of America,2014,1.02,Both sexes
United States of America,2015,0.93,Both sexes
United States of America,2016,0.74,Both sexes
United States of America,2017,0.77,Both sexes
United States of America,2018,0.82,Both sexes
United States of America,2019,0.65,Both sexes
Uruguay,2010,1.1,Both sexes
Uruguay,2011,1.09,Both sexes
Uruguay,2012,1.0,Both sexes
Uruguay,2013,1.15,Both sexes
Uruguay,2014,1.16,Both sexes
Uruguay,2015,1.2,Both sexes
Uruguay,2016,1.16,Both sexes
Uruguay,2017,1.02,Both sexes
Uruguay,2018,0.98,Both sexes
Uruguay,2019,0.92,Both sexes
Uzbekistan,2010,1.49,Both sexes
Uzbekistan,2011,1.66,Both sexes
Uzbekistan,2012,1.67,Both sexes
Uzbekistan,2013,1.58,Both sexes
Uzbekistan,2014,1.55,Both sexes
Uzbekistan,2015,1.49,Both sexes
Uzbekistan,2016,1.49,Both sexes
Uzbekistan,2017,1.44,Both sexes
Uzbekistan,2018,1.41,Both sexes
Uzbekistan,2019,1.3,Both sexes
Vanuatu,2010,0.25,Both sexes
Vanuatu,2011,0.27,Both sexes
Vanuatu,2012,0.27,Both sexes
Vanuatu,2013,0.28,Both sexes
Vanuatu,2014,0.28,Both sexes
Vanuatu,2015,0.3,Both sexes
Vanuatu,2016,0.3,Both sexes
Vanuatu,2017,0.29,Both sexes
Vanuatu,2018,0.3,Both sexes
Vanuatu,2019,0.28,Both sexes
Venezuela (Bolivarian Republic of),2010,1.47,Both sexes
Venezuela (Bolivarian Republic of),2011,1.42,Both sexes
Venezuela (Bolivarian Republic of),2012,1.37,Both sexes
Venezuela (Bolivarian Republic of),2013,1.39,Both sexes
Venezuela (Bolivarian Republic of),2014,1.36,Both sexes
Venezuela (Bolivarian Republic of),2015,1.34,Both sexes
Venezuela (Bolivarian Republic of),2016,1.3,Both sexes
Venezuela (Bolivarian Republic of),2017,1.23,Both sexes
Venezuela (Bolivarian Republic of),2018,1.11,Both sexes
Venezuela (Bolivarian Republic of),2019,1.05,Both sexes
Viet Nam,2010,2.05,Both sexes
Viet Nam,2011,1.92,Both sexes
Viet Nam,2012,2.02,Both sexes
Viet Nam,2013,2.11,Both sexes
Viet Nam,2014,1.91,Both sexes
Viet Nam,2015,1.95,Both sexes
Viet Nam,2016,2.13,Both sexes
Viet Nam,2017,1.94,Both sexes
Viet Nam,2018,1.95,Both sexes
Viet Nam,2019,2.03,Both sexes
Yemen,2010,0.73,Both sexes
Yemen,2011,0.77,Both sexes
Yemen,2012,0.79,Both sexes
Yemen,2013,0.78,Both sexes
Yemen,2014,0.75,Both sexes
Yemen,2015,0.79,Both sexes
Yemen,2016,0.77,Both sexes
Yemen,2017,0.79,Both sexes
Yemen,2018,0.78,Both sexes
Yemen,2019,0.78,Both sexes
Zambia,2010,0.31,Both sexes
Zambia,2011,0.32,Both sexes
Zambia,2012,0.33,Both sexes
Zambia,2013,0.32,Both sexes
Zambia,2014,0.32,Both sexes
Zambia,2015,0.33,Both sexes
Zambia,2016,0.33,Both sexes
Zambia,2017,0.33,Both sexes
Zambia,2018,0.33,Both sexes
Zambia,2019,0.33,Both sexes
Zimbabwe,2010,0.27,Both sexes
Zimbabwe,2011,0.27,Both sexes
Zimbabwe,2012,0.27,Both sexes
Zimbabwe,2013,0.26,Both sexes
Zimbabwe,2014,0.27,Both sexes
Zimbabwe,2015,0.27,Both sexes
Zimbabwe,2016,0.27,Both sexes
Zimbabwe,2017,0.28,Both sexes
Zimbabwe,2018,0.28,Both sexes
Zimbabwe,2019,0.28,Both sexes
